mu,sigma,nu
0.04594049257136376,0.04544271134968414,6.336991207955558
