ID,Value,Delta,Gamma,Vega,Rho,Theta
1.0,3.2593473629162446,0.5476431900777861,0.05924443134549273,14.65366059762827,7.058744290904251,-13.014966854759669
2.0,2.692774912299483,-0.4634834877257168,0.06050719548416161,14.615371479743633,-5.256344581079375,-8.940245950403769
3.0,22.050265969030416,0.6808515967319497,0.008986195452298062,35.90455701066588,50.21682733460153,-7.280194546710916
4.0,21.01923278329123,-0.49007343110434576,0.0025915111396770385,40.7441041692163,-53.66712041706023,-5.9565608789551305
